[
  {
    "timestamp": "2025-06-04 15:45:54",
    "court_count": 1463,
    "ip_count": 1613,
    "fio_count": 0
  },
  {
    "timestamp": "2025-06-04 15:46:07",
    "court_count": 1463,
    "ip_count": 1613,
    "fio_count": 0
  },
  {
    "timestamp": "2025-06-04 15:52:22",
    "court_count": 1463,
    "ip_count": 1613,
    "fio_count": 0
  },
  {
    "timestamp": "2025-06-04 15:54:12",
    "court_count": 1463,
    "ip_count": 1613,
    "fio_count": 0
  },
  {
    "timestamp": "2025-06-04 15:55:26",
    "court_count": 1463,
    "ip_count": 1613,
    "fio_count": 0
  },
  {
    "timestamp": "2025-06-04 15:57:07",
    "court_count": 1463,
    "ip_count": 1613,
    "fio_count": 4
  },
  {
    "timestamp": "2025-06-04 15:57:22",
    "court_count": 1463,
    "ip_count": 1613,
    "fio_count": 4
  },
  {
    "timestamp": "2025-06-04 16:02:15",
    "court_count": 1463,
    "ip_count": 1613,
    "fio_count": 4
  },
  {
    "timestamp": "2025-06-04 16:08:23",
    "court_count": 1463,
    "ip_count": 1613,
    "fio_count": 4
  },
  {
    "timestamp": "2025-06-04 16:08:26",
    "court_count": 1463,
    "ip_count": 1613,
    "fio_count": 4
  },
  {
    "timestamp": "2025-06-04 16:10:50",
    "court_count": 1463,
    "ip_count": 1613,
    "fio_count": 4
  },
  {
    "timestamp": "2025-06-04 16:10:54",
    "court_count": 1463,
    "ip_count": 1613,
    "fio_count": 4
  },
  {
    "timestamp": "2025-06-04 16:18:19",
    "court_count": 1463,
    "ip_count": 1613,
    "fio_count": 4
  },
  {
    "timestamp": "2025-06-04 16:22:52",
    "court_count": 1463,
    "ip_count": 1613,
    "fio_count": 4
  },
  {
    "timestamp": "2025-06-04 16:24:56",
    "court_count": 1463,
    "ip_count": 1613,
    "fio_count": 4
  },
  {
    "timestamp": "2025-06-04 16:26:48",
    "court_count": 1463,
    "ip_count": 1613,
    "fio_count": 4
  },
  {
    "timestamp": "2025-06-04 16:26:54",
    "court_count": 1463,
    "ip_count": 1613,
    "fio_count": 4
  },
  {
    "timestamp": "2025-06-04 16:35:51",
    "court_count": 1463,
    "ip_count": 1613
  },
  {
    "timestamp": "2025-06-04 16:35:54",
    "court_count": 1463,
    "ip_count": 1613
  },
  {
    "timestamp": "2025-06-04 16:42:29",
    "court_count": 1463,
    "ip_count": 1613
  }
]